[
  {
	"pos": 146212,
	"content":  ";window.wfpp.reviewApp = {};window.wfpp.reviewApp.submitController = this;"
  },
  {
	"pos": 100585,
	"content":  ";window.wfpp.reviewApp.rejectController = this;"
  },
  {
	"pos": 72841,
	"content": ";window.wfpp.reviewApp.suggestLocationController = this;"
  },
  {
	"pos": 62147,
	"content": ";window.wfpp.reviewApp.pageData = this.reviewData; window.wfpp.reviewApp.reviewController = this;var modEvent = new Event(\"WFMReviewPageLoad\");window.dispatchEvent(modEvent);"
  },
  {
	"pos": 0,
	"content": "window.wfpp.reviewApp = {};"
  }
]